City_ID,City,Country,Lat,Lng,Max Temp,Humidity,Cloudiness,Wind Speed,Weather Description
0,Ponta Do Sol,PT,32.67,-17.1,71.6,60,40,12.75,scattered clouds
1,Ouesso,CG,1.61,16.05,79.9,84,72,1.86,light rain
2,Iwakura,JP,35.28,136.87,59.0,85,100,3.2,overcast clouds
3,Avarua,CK,-21.21,-159.78,68.0,100,100,2.24,overcast clouds
4,Mandurah,AU,-32.55,115.7,68.0,74,0,6.58,clear sky
5,Mataura,NZ,-46.19,168.86,45.0,86,100,5.01,overcast clouds
6,Punta Arenas,CL,-53.15,-70.92,59.0,51,75,24.16,broken clouds
7,Albany,US,42.6,-73.97,66.0,44,29,3.22,scattered clouds
8,Narsaq,GL,60.92,-46.05,32.0,95,75,9.17,light shower snow
9,Cape Town,ZA,-33.93,18.42,66.99,68,40,29.97,scattered clouds
10,Viseu,PT,40.66,-7.91,62.01,75,53,8.99,light rain
11,Cockburn Town,TC,21.46,-71.14,80.1,80,100,18.16,moderate rain
12,Atar,MR,20.52,-13.05,97.34,16,22,8.48,few clouds
13,Puerto Carreno,CO,6.19,-67.49,88.77,61,67,4.18,broken clouds
14,Provideniya,RU,64.38,-173.3,30.4,92,68,16.02,broken clouds
15,Barrow,US,71.29,-156.79,32.0,97,90,20.8,overcast clouds
16,Bredasdorp,ZA,-34.53,20.04,73.4,38,66,26.4,broken clouds
17,Dhidhdhoo,MV,6.88,73.1,84.0,76,100,12.44,light rain
18,Dikson,RU,73.51,80.55,-2.13,89,3,10.94,clear sky
19,Log,RU,49.48,43.86,43.7,76,100,16.58,overcast clouds
20,Bluff,NZ,-46.6,168.33,45.0,86,100,5.01,overcast clouds
21,Khatanga,RU,71.97,102.5,-6.29,88,2,9.48,clear sky
22,Qaqortoq,GL,60.72,-46.03,32.0,94,75,9.17,light shower snow
23,Poum,NC,-20.23,164.02,76.86,73,0,16.84,clear sky
24,Yellowknife,CA,62.46,-114.35,8.01,83,75,4.09,fog
25,Kaitangata,NZ,-46.28,169.85,45.0,82,100,7.0,overcast clouds
26,Victoria,HK,22.29,114.16,79.0,54,6,3.0,clear sky
27,Banda Aceh,ID,5.56,95.32,79.18,78,100,2.82,heavy intensity rain
28,Hobart,AU,-42.88,147.33,44.01,81,0,9.17,clear sky
29,Sayansk,RU,54.11,102.16,23.5,98,100,6.4,light snow
30,Saskylakh,RU,71.92,114.08,-8.81,90,9,6.02,clear sky
31,Atuona,PF,-9.8,-139.03,77.27,73,67,17.31,broken clouds
32,Clyde River,CA,70.47,-68.59,-2.2,77,20,12.75,few clouds
33,Georgetown,MY,5.41,100.34,80.6,88,40,3.36,heavy intensity rain
34,Fairbanks,US,64.84,-147.72,30.2,86,90,3.15,light snow
35,Toda Raisingh,IN,26.03,75.48,72.14,22,0,6.67,clear sky
36,Adrar,MR,20.5,-10.07,94.93,15,96,3.67,overcast clouds
37,San Cristobal,VE,7.77,-72.22,80.6,88,40,6.93,fog
38,Wanaka,NZ,-44.7,169.15,43.0,76,100,1.01,overcast clouds
39,Rikitea,PF,-23.12,-134.97,71.38,74,69,19.26,broken clouds
40,Hithadhoo,MV,-0.6,73.08,83.53,73,89,9.89,light rain
41,Tasiilaq,GL,65.61,-37.64,28.4,92,90,1.12,light snow
42,Busselton,AU,-33.65,115.33,59.0,64,14,4.56,few clouds
43,Cabo San Lucas,MX,22.89,-109.91,75.2,83,20,2.24,few clouds
44,Chimore,BO,-16.98,-65.13,105.87,18,2,4.21,clear sky
45,Sompeta,IN,18.93,84.6,74.93,67,0,4.72,clear sky
46,Kapaa,US,22.08,-159.32,77.0,94,90,12.75,overcast clouds
47,Jamestown,US,42.1,-79.24,60.01,62,1,5.82,clear sky
48,Nurota,UZ,40.56,65.69,69.8,11,75,11.41,haze
49,Saint-Joseph,RE,-21.37,55.62,77.0,69,90,2.24,overcast clouds
50,New Norfolk,AU,-42.78,147.06,44.01,67,1,2.71,clear sky
51,Vaini,TO,-21.2,-175.2,68.0,88,20,3.36,few clouds
52,Carnarvon,AU,-24.87,113.63,71.6,83,90,17.22,overcast clouds
53,Broome,US,42.25,-75.83,62.01,54,1,9.17,clear sky
54,Aracaju,BR,-10.91,-37.07,86.0,70,40,13.87,scattered clouds
55,Iqaluit,CA,63.75,-68.51,6.8,77,90,4.7,overcast clouds
56,Garowe,SO,8.41,48.48,83.75,32,73,2.1,broken clouds
57,Lebu,CL,-37.62,-73.65,56.64,60,0,21.56,clear sky
58,Hermanus,ZA,-34.42,19.23,68.0,57,6,15.01,light rain
59,Portland,US,45.52,-122.68,39.99,93,75,3.36,fog
60,Saint-Philippe,RE,-21.36,55.77,77.0,69,90,2.24,overcast clouds
61,Veselynove,UA,47.36,31.23,49.98,77,0,8.59,clear sky
62,Ingham,US,42.6,-84.38,63.0,55,1,8.05,clear sky
63,Batemans Bay,AU,-35.72,150.18,48.52,77,51,5.48,broken clouds
64,Adre,TD,13.47,22.2,77.77,27,22,1.05,few clouds
65,Chokurdakh,RU,70.63,147.92,1.81,94,100,7.23,overcast clouds
66,Lata,PT,40.16,-8.33,64.0,88,80,1.99,light rain
67,Tuktoyaktuk,CA,69.45,-133.04,26.6,86,75,26.4,light snow
68,Taoudenni,ML,22.68,-3.98,98.76,9,46,6.51,scattered clouds
69,Udachnyy,RU,66.42,112.4,1.4,84,0,4.47,clear sky
70,Port Alfred,ZA,-33.59,26.89,71.96,75,37,17.38,scattered clouds
71,Bograd,RU,54.23,90.83,37.4,74,0,6.71,clear sky
72,Pimentel,PE,-6.84,-79.93,69.8,60,0,12.75,clear sky
73,Padang,ID,-0.95,100.35,79.39,76,100,4.38,heavy intensity rain
74,Cherskiy,RU,68.75,161.3,7.16,95,94,6.02,light snow
75,Constantine,DZ,36.37,6.61,75.2,27,40,8.05,scattered clouds
76,Saldanha,ZA,-33.01,17.94,66.2,63,5,16.11,clear sky
77,Kaka,TM,37.35,59.61,60.73,30,76,5.5,broken clouds
78,East London,ZA,-33.02,27.91,75.2,73,20,13.87,few clouds
79,Balikpapan,ID,-1.27,116.83,79.16,84,1,5.17,clear sky
80,Matay,EG,28.42,30.78,70.18,43,17,8.14,few clouds
81,Belyy Yar,RU,53.6,91.39,37.4,74,0,6.71,clear sky
82,Bengkulu,ID,-3.8,102.27,77.65,88,100,4.52,overcast clouds
83,Djougou,BJ,9.71,1.67,91.4,21,79,2.24,broken clouds
84,Kodiak,US,57.79,-152.41,33.8,86,90,4.7,overcast clouds
85,Maldonado,UY,-34.67,-54.92,70.0,73,40,13.87,scattered clouds
86,Sarkand,KZ,45.41,79.92,48.04,38,0,5.57,clear sky
87,Upernavik,GL,72.79,-56.15,-2.99,76,20,6.93,few clouds
88,Burns Lake,CA,54.23,-125.75,19.4,85,51,3.36,broken clouds
89,Matara,LK,5.95,80.54,79.18,86,23,5.75,few clouds
90,Alice Springs,AU,-23.7,133.88,68.0,15,0,3.36,clear sky
91,Montijo,PT,38.71,-8.97,66.2,72,20,16.11,shower rain
92,Portobelo,PA,9.55,-79.65,86.0,74,40,12.75,scattered clouds
93,San Patricio,US,28.02,-97.52,75.0,88,40,8.05,scattered clouds
94,Lamu,KE,-2.27,40.9,84.2,70,1,6.93,clear sky
95,Kruisfontein,ZA,-34.0,24.73,72.0,53,30,4.0,scattered clouds
96,Sitka,US,57.05,-135.33,30.06,93,39,3.15,scattered clouds
97,Ushuaia,AR,-54.8,-68.3,59.0,47,75,19.46,broken clouds
98,Yarkovo,RU,57.4,67.08,36.16,93,100,7.7,overcast clouds
99,Deputatskiy,RU,69.3,139.9,-8.41,90,88,2.8,overcast clouds
100,Kristiansund,NO,63.11,7.73,44.6,87,75,8.05,drizzle
101,Kutum,SD,14.2,24.67,76.68,20,27,11.25,scattered clouds
102,Diffa,NE,13.32,12.61,85.46,15,39,10.02,scattered clouds
103,Awbari,LY,26.59,12.78,69.44,34,98,6.46,overcast clouds
104,Srednekolymsk,RU,67.45,153.68,-4.88,92,100,9.73,overcast clouds
105,Lompoc,US,34.64,-120.46,51.8,81,75,11.41,broken clouds
106,Fortuna,US,40.6,-124.16,48.0,93,75,10.29,broken clouds
107,Bilibino,RU,68.05,166.44,-1.62,88,83,1.9,broken clouds
108,Luganville,VU,-15.53,167.17,80.6,88,75,7.34,broken clouds
109,Aripuana,BR,-9.17,-60.63,97.5,36,83,5.21,broken clouds
110,Solano,US,38.23,-121.95,46.99,80,75,5.82,broken clouds
111,Chinhoyi,ZW,-17.37,30.2,86.38,27,70,2.55,broken clouds
112,Zaigrayevo,RU,51.83,108.27,15.8,78,40,2.24,mist
113,Makokou,GA,0.57,12.86,77.0,83,90,0.92,overcast clouds
114,Thompson,CA,55.74,-97.86,14.0,92,90,2.57,light snow
115,Monrovia,LR,6.3,-10.8,87.8,70,75,7.45,broken clouds
116,Charters Towers,AU,-20.1,146.27,73.63,76,39,15.21,scattered clouds
117,Korla,CN,41.76,86.15,39.43,60,0,3.36,clear sky
118,Cayenne,GF,4.93,-52.33,89.6,59,75,6.93,broken clouds
119,Nikolskoye,RU,59.7,30.79,48.99,76,0,6.71,clear sky
120,Amapa,BR,1.0,-52.0,82.35,87,41,5.79,scattered clouds
121,Chifeng,CN,42.27,118.96,27.86,63,0,8.9,clear sky
122,De Aar,ZA,-30.65,24.01,76.53,22,0,26.35,clear sky
123,Salvacion,PH,7.98,126.13,73.47,94,100,0.92,light rain
124,Rosarito,MX,32.33,-117.03,62.01,87,90,11.41,heavy intensity rain
125,Daru,PG,-9.08,143.21,78.53,87,83,4.14,light rain
126,Marawi,PH,8.0,124.29,73.99,91,100,3.0,moderate rain
127,Nalut,LY,30.33,10.85,71.29,27,0,8.43,clear sky
128,Burnie,AU,-41.07,145.92,48.0,70,0,4.0,clear sky
129,Viedma,AR,-40.81,-63.0,73.0,43,65,4.0,broken clouds
130,Lagoa,PT,39.05,-27.98,61.27,71,3,19.95,clear sky
131,Ardino,BG,41.58,25.13,55.99,66,73,3.36,broken clouds
132,Hilo,US,19.73,-155.09,71.6,88,90,4.7,heavy intensity rain
133,Arraial Do Cabo,BR,-22.97,-42.03,73.4,78,75,5.82,broken clouds
134,Port Elizabeth,ZA,-33.92,25.57,71.6,68,0,10.29,clear sky
135,Kangaatsiaq,GL,68.31,-53.46,16.36,84,97,8.12,overcast clouds
136,Praia Da Vitoria,PT,38.73,-27.07,64.0,87,75,21.54,broken clouds
137,Geraldton,AU,-28.77,114.6,68.0,82,90,9.17,overcast clouds
138,Rapid Valley,US,44.06,-103.15,42.8,75,1,6.93,clear sky
139,Qaanaaq,GL,77.48,-69.36,-12.24,72,0,5.19,clear sky
140,Necochea,AR,-38.55,-58.74,73.0,62,2,5.99,clear sky
141,Tiksi,RU,71.69,128.87,-7.94,91,46,2.39,scattered clouds
142,Verkhoyansk,RU,67.54,133.38,-24.7,82,96,1.66,overcast clouds
143,Kamenka,RU,51.32,42.77,43.0,88,98,10.94,overcast clouds
144,Nanortalik,GL,60.14,-45.24,34.25,86,100,9.84,overcast clouds
145,Sayat,TM,38.78,63.88,71.6,13,75,6.93,haze
146,Ossora,RU,59.24,163.07,27.91,90,84,6.69,broken clouds
147,Neiafu,TO,-18.65,-173.98,73.4,73,20,5.82,few clouds
148,Gat,IL,31.61,34.76,71.01,68,100,4.47,overcast clouds
149,Longyearbyen,SJ,78.22,15.64,33.8,74,75,6.93,broken clouds
150,Husavik,IS,66.04,-17.34,42.8,56,75,17.22,broken clouds
151,Bambous Virieux,MU,-20.34,57.76,73.99,83,40,8.05,smoke
152,Guerrero Negro,MX,27.98,-114.06,67.95,68,97,8.25,overcast clouds
153,Wenling,CN,28.37,121.36,65.66,63,91,6.02,overcast clouds
154,Vung Tau,VN,10.35,107.08,80.62,82,6,17.45,clear sky
155,Bathsheba,BB,13.22,-59.52,86.0,74,40,14.99,scattered clouds
156,Antoniny,UA,49.81,26.88,45.81,92,10,4.59,clear sky
157,Senekal,ZA,-28.32,27.62,80.2,29,0,7.76,clear sky
158,Kilindoni,TZ,-7.91,39.67,80.1,80,78,10.58,light rain
159,Rayong,TH,12.83,101.43,82.0,78,20,4.7,few clouds
160,Naze,JP,28.37,129.48,77.0,88,90,9.17,overcast clouds
161,Ostrovnoy,RU,68.05,39.51,33.85,91,56,12.06,broken clouds
162,Vohibinany,MG,-17.35,49.03,67.87,86,100,0.76,overcast clouds
163,Phibun Mangsahan,TH,15.24,105.23,75.2,78,0,11.41,clear sky
164,Hazorasp,UZ,41.32,61.07,59.0,29,54,11.41,broken clouds
165,Buala,SB,-8.14,159.59,79.65,76,53,2.39,broken clouds
166,Isangel,VU,-19.55,169.27,76.33,84,4,6.31,clear sky
167,Puerto Ayora,EC,-0.74,-90.35,73.4,73,75,11.41,broken clouds
168,The Valley,AI,18.22,-63.06,86.0,70,20,14.99,few clouds
169,Basak,PH,6.73,124.15,73.08,93,100,4.05,overcast clouds
170,Castro,BR,-24.79,-50.01,80.04,32,0,1.83,clear sky
171,Golub-Dobrzyn,PL,53.11,19.05,51.01,96,11,1.01,few clouds
172,Marrakesh,MA,31.63,-8.01,75.2,47,20,5.82,few clouds
173,Murgab,TM,37.5,61.97,69.8,30,20,9.17,few clouds
174,Dicabisagan,PH,17.08,122.42,77.81,90,99,6.15,overcast clouds
175,Esperance,AU,-33.87,121.9,58.33,88,89,8.28,overcast clouds
176,Kudahuvadhoo,MV,2.67,72.89,84.29,68,32,6.11,scattered clouds
177,Matagami,CA,49.75,-77.63,32.0,94,90,3.36,overcast clouds
178,Krasnoselkup,RU,65.7,82.47,31.37,99,100,10.89,overcast clouds
179,Navrongo,GH,10.9,-1.09,96.33,11,1,2.08,clear sky
180,Ullapool,GB,57.9,-5.16,48.0,68,48,5.99,scattered clouds
181,Chuy,UY,-33.7,-53.46,70.48,69,25,13.2,light rain
182,Rundu,NA,-17.93,19.77,95.16,18,50,13.47,scattered clouds
183,Sinop,TR,41.77,34.87,48.2,80,83,3.11,broken clouds
184,Terrace Bay,CA,48.78,-87.1,39.2,93,90,5.82,mist
185,Marshfield,US,44.67,-90.17,62.01,77,1,13.87,clear sky
186,Yuksekova,TR,37.57,44.29,50.0,87,75,4.7,broken clouds
187,Half Moon Bay,US,37.46,-122.43,50.0,87,20,5.82,mist
188,Qandala,SO,11.47,49.87,78.98,71,27,8.59,scattered clouds
189,Lasa,IT,46.62,10.7,52.0,61,5,5.82,clear sky
190,Oistins,BB,13.07,-59.53,86.0,74,40,14.99,scattered clouds
191,Oranjemund,NA,-28.55,16.43,65.08,80,10,10.65,clear sky
192,Sainte-Marie,RE,-20.9,55.55,73.4,73,75,11.41,broken clouds
193,Port Huron,US,42.97,-82.42,61.0,71,1,10.29,clear sky
194,Coquimbo,CL,-29.95,-71.34,55.4,87,90,8.05,overcast clouds
195,Saint Anthony,US,45.02,-93.22,64.4,72,1,14.99,clear sky
196,Xining,CN,36.62,101.77,34.12,74,0,1.63,clear sky
197,Fomboni,KM,-12.28,43.74,81.05,72,16,7.45,few clouds
198,Hofn,IS,64.25,-15.21,40.82,71,61,8.81,broken clouds
199,Butaritari,KI,3.07,172.79,80.51,76,100,11.99,overcast clouds
200,Port Hardy,CA,50.7,-127.42,42.8,75,20,11.41,few clouds
201,Kalemie,CD,-5.95,29.19,76.91,74,40,3.65,light rain
202,Petatlan,MX,17.52,-101.27,82.4,74,5,2.98,clear sky
203,Moose Factory,CA,51.26,-80.61,32.0,86,75,6.93,broken clouds
204,Mahebourg,MU,-20.41,57.7,73.4,83,40,8.05,smoke
205,Cairns,AU,-16.92,145.77,78.8,78,75,4.7,broken clouds
206,Sao Joao Da Barra,BR,-21.64,-41.05,80.6,57,75,4.7,broken clouds
207,Pavilosta,LV,56.89,21.19,50.0,100,77,16.11,broken clouds
208,Komsomolskiy,UZ,40.43,71.72,50.0,43,92,6.93,mist
209,Mora,CM,11.05,14.14,93.2,20,0,3.36,clear sky
210,Mehamn,NO,71.04,27.85,38.23,85,95,34.9,overcast clouds
211,Ribeira Grande,PT,38.52,-28.7,62.6,72,20,13.87,few clouds
212,Kannur,IN,11.87,75.36,82.4,83,20,1.12,mist
213,Meulaboh,ID,4.14,96.13,77.5,82,99,2.06,moderate rain
214,Noumea,NC,-22.28,166.46,68.0,88,20,2.24,few clouds
215,Sovetskiy,RU,61.36,63.58,32.9,97,100,4.12,overcast clouds
216,Tangier,MA,35.78,-5.81,69.8,68,40,6.93,scattered clouds
217,Pyu,MM,18.48,96.43,74.59,94,0,5.14,clear sky
218,Nacala,MZ,-14.54,40.67,80.6,78,40,17.22,scattered clouds
219,Caceres,ES,39.52,-6.37,64.0,66,46,3.0,scattered clouds
220,Saint George,US,37.1,-113.58,62.6,29,1,8.05,clear sky
221,Sabha,LY,27.04,14.43,70.12,32,14,7.74,few clouds
222,Beloha,MG,-25.17,45.05,75.67,61,0,5.91,clear sky
223,Faya,SA,18.39,42.45,66.2,68,40,8.05,scattered clouds
224,El Alto,PE,-4.27,-81.21,73.4,64,75,6.93,broken clouds
225,Bethel,US,41.37,-73.41,69.01,48,1,4.7,clear sky
226,Constitucion,CL,-35.33,-72.42,67.66,48,0,13.62,clear sky
227,Port Augusta,AU,-32.5,137.77,55.4,87,0,5.82,clear sky
228,La Tijera,MX,19.9,-104.4,68.34,55,27,2.06,scattered clouds
229,Ilabaya,PE,-17.42,-70.51,77.59,23,2,10.89,clear sky
230,Port-Gentil,GA,-0.72,8.78,80.6,88,40,14.99,scattered clouds
231,Staraya Poltavka,RU,50.48,46.48,40.91,84,100,12.66,overcast clouds
232,Codrington,AU,-38.27,141.97,40.6,92,5,5.95,clear sky
233,Sivas,TR,39.79,37.0,35.6,72,40,11.41,scattered clouds
234,Caravelas,BR,-17.71,-39.25,85.1,59,19,8.01,few clouds
235,Meadow Lake,US,34.8,-106.54,66.0,32,75,3.36,broken clouds
236,Kavieng,PG,-2.57,150.8,82.53,68,53,8.68,broken clouds
237,Minsk,BY,53.9,27.57,48.2,100,90,6.71,overcast clouds
238,Eyl,SO,7.98,49.82,78.24,80,0,16.73,clear sky
239,Hamilton,US,39.18,-84.53,66.0,62,1,3.36,clear sky
240,Pangnirtung,CA,66.15,-65.71,12.2,85,75,6.93,light snow
241,Harper,LR,4.38,-7.72,81.66,80,71,6.15,light rain
242,Lufilufi,WS,-13.87,-171.6,77.0,94,75,3.36,broken clouds
243,Tual,ID,-5.67,132.75,82.35,74,79,12.59,broken clouds
244,Sens,FR,48.17,3.33,57.99,75,71,4.56,broken clouds
245,Marsaxlokk,MT,35.84,14.54,68.0,72,20,11.41,few clouds
246,Ahipara,NZ,-35.17,173.17,62.22,90,63,13.71,broken clouds
247,Roura,GF,4.73,-52.33,89.6,59,75,6.93,broken clouds
248,Pevek,RU,69.7,170.31,18.09,97,100,2.01,overcast clouds
249,Xuddur,SO,4.12,43.89,77.49,74,30,9.17,light rain
250,Samarai,PG,-10.62,150.67,80.73,83,35,7.92,scattered clouds
251,Haines Junction,CA,60.75,-137.51,-22.0,74,0,1.12,clear sky
252,Vostok,RU,46.49,135.88,21.96,99,88,2.64,overcast clouds
253,Morgan City,US,29.7,-91.21,75.99,83,75,10.29,broken clouds
254,Shingu,JP,33.73,135.98,66.49,90,100,4.56,light rain
255,Hay River,CA,60.82,-115.8,-7.6,76,100,4.7,overcast clouds
256,Launceston,AU,-41.45,147.17,41.0,80,0,5.82,clear sky
257,Leningradskiy,RU,69.38,178.42,21.51,96,100,14.38,light snow
258,Kralendijk,BQ,12.15,-68.27,87.8,70,40,8.05,scattered clouds
259,Svetlyy,RU,54.67,20.13,48.2,93,90,6.71,overcast clouds
260,Coalinga,US,36.14,-120.36,46.0,87,100,8.14,overcast clouds
261,Prainha,BR,-1.8,-53.48,87.96,58,78,4.88,broken clouds
262,Karema,TZ,-6.82,30.44,79.02,68,22,6.8,few clouds
263,Katsuura,JP,35.13,140.3,71.6,88,75,13.87,light rain
264,Sistranda,NO,63.73,8.83,44.6,87,75,6.93,shower rain
265,Taltal,CL,-25.4,-70.48,64.89,63,15,5.3,few clouds
266,Port Hedland,AU,-20.32,118.57,78.8,74,0,8.05,clear sky
267,Cidreira,BR,-30.18,-50.21,71.13,72,11,14.92,few clouds
268,Helena,US,46.59,-112.04,39.99,86,90,1.28,overcast clouds
269,Sobolevo,RU,54.43,31.9,45.46,92,0,8.41,clear sky
270,Fort Nelson,CA,58.81,-122.7,-2.2,77,75,2.24,broken clouds
271,Sarangani,PH,5.4,125.46,82.22,78,100,10.27,overcast clouds
272,Ormara,PK,25.21,64.64,76.98,60,0,8.03,clear sky
273,Kargil,IN,34.57,76.1,30.11,66,0,2.93,clear sky
274,Raga,SS,8.46,25.68,81.82,33,12,3.91,few clouds
275,Pauini,BR,-7.71,-66.98,97.95,35,56,4.88,broken clouds
276,Ayan,RU,56.45,138.17,13.53,85,93,16.4,overcast clouds
277,Matamoros,MX,25.53,-103.25,59.0,38,5,4.7,clear sky
278,Hami,CN,42.8,93.45,37.08,72,58,1.5,broken clouds
279,Dawei,MM,14.08,98.2,75.02,82,2,5.53,clear sky
280,Eureka,US,40.8,-124.16,45.0,94,50,8.12,scattered clouds
281,Khandyga,RU,62.67,135.6,-8.1,88,100,0.72,overcast clouds
282,Baie-Comeau,CA,49.22,-68.15,41.0,56,90,8.05,overcast clouds
283,Sao Filipe,CV,14.9,-24.5,79.97,78,100,8.52,overcast clouds
284,Khromtau,KZ,50.25,58.43,36.88,96,100,14.7,light rain
285,Houma,US,29.6,-90.72,73.99,88,75,11.41,broken clouds
286,Alberton,CA,46.82,-64.07,57.2,76,100,16.11,overcast clouds
287,Taian,CN,36.19,117.12,57.99,38,0,6.51,clear sky
288,Mount Gambier,AU,-37.83,140.77,43.0,89,1,6.33,clear sky
289,Teluk Nibung,ID,3.0,99.82,78.71,86,100,4.14,overcast clouds
290,Harqalah,TN,36.03,10.51,69.8,56,0,11.41,clear sky
291,Bichena,ET,10.45,38.2,58.68,71,96,6.33,overcast clouds
292,Salalah,OM,17.02,54.09,80.6,57,0,3.36,clear sky
293,Saint-Pierre,RE,-21.34,55.48,77.0,69,90,2.24,overcast clouds
294,Dingtao,CN,35.07,115.56,54.21,36,0,3.49,clear sky
295,Hovd,MN,48.01,91.64,29.01,88,1,1.21,clear sky
296,Henties Bay,NA,-22.12,14.28,64.99,80,0,7.0,clear sky
297,San Gabriel,US,34.1,-118.11,54.0,81,75,4.7,broken clouds
298,Kibala,TD,9.11,18.35,95.0,32,0,1.95,clear sky
299,Jijiga,ET,9.35,42.8,68.99,64,77,1.63,light rain
300,Nome,US,64.5,-165.41,37.4,86,90,14.99,overcast clouds
301,Mar Del Plata,AR,-38.0,-57.56,75.2,53,20,6.93,few clouds
302,Quatre Cocos,MU,-20.21,57.76,73.99,83,40,8.05,smoke
303,Dunmore East,IE,52.15,-6.99,55.0,87,75,12.75,broken clouds
304,Russell,US,32.35,-85.2,69.8,83,90,9.17,overcast clouds
305,Sawtell,AU,-30.38,153.1,60.8,77,90,11.41,overcast clouds
306,Selam,IN,11.65,78.17,74.25,87,0,4.88,clear sky
307,Santiago,CL,-33.46,-70.65,89.01,27,0,3.36,clear sky
308,Faanui,PF,-16.48,-151.75,78.82,77,0,10.42,clear sky
309,Lebedinyy,RU,58.52,125.52,-8.19,92,100,5.61,overcast clouds
310,Gisborne,NZ,-38.65,178.0,64.99,78,87,1.99,overcast clouds
311,Panubigan,PH,7.43,123.35,76.41,89,100,5.73,overcast clouds
312,Vardo,NO,70.37,31.11,35.6,73,40,19.46,scattered clouds
313,Badarwas,IN,24.97,77.57,66.16,27,0,1.9,clear sky
314,Tabas,IR,33.6,56.92,69.8,13,72,4.7,broken clouds
315,High Level,CA,58.52,-117.14,-2.2,91,90,4.12,overcast clouds
316,Niquero,CU,20.04,-77.58,74.64,90,100,11.1,heavy intensity rain
317,Souillac,MU,-20.52,57.52,73.4,83,40,8.05,smoke
318,Richards Bay,ZA,-28.78,32.04,74.8,80,0,9.08,clear sky
319,Hanmer Springs,NZ,-42.52,172.82,48.2,86,100,6.33,moderate rain
320,Pierre,US,44.37,-100.35,39.2,86,1,6.93,clear sky
321,Price,US,39.6,-110.81,51.8,57,90,10.29,overcast clouds
322,Turukhansk,RU,65.82,87.98,16.25,97,100,16.75,light snow
323,Epinal,FR,48.18,6.45,57.2,67,0,3.36,clear sky
324,Gilgit,PK,35.92,74.31,52.68,32,0,3.02,clear sky
325,Silca,HN,14.83,-86.53,80.6,78,40,4.7,scattered clouds
326,Kampot,KH,10.62,104.18,78.8,88,40,1.12,scattered clouds
327,Omboue,GA,-1.57,9.26,79.21,84,92,11.88,overcast clouds
328,Anadyr,RU,64.75,177.48,19.4,92,75,2.24,light snow
329,Sorong,ID,-0.88,131.25,80.4,85,88,12.37,overcast clouds
330,Yar-Sale,RU,66.83,70.83,28.18,99,93,4.94,overcast clouds
331,Kidal,ML,18.44,1.41,90.14,11,6,15.05,clear sky
332,Kashiwazaki,JP,37.37,138.55,57.99,94,94,17.22,overcast clouds
333,Thohoyandou,ZA,-22.95,30.48,91.49,27,39,1.48,scattered clouds
334,Canning,IN,22.32,88.67,71.6,64,0,3.36,haze
335,Lilongwe,MW,-13.97,33.79,87.8,10,0,12.75,clear sky
336,Stuttgart,DE,48.78,9.18,52.0,71,40,1.12,scattered clouds
337,Haukipudas,FI,65.18,25.35,44.6,63,0,20.8,clear sky
338,Tilichiki,RU,60.47,166.1,19.65,95,1,7.07,clear sky
339,Vetlanda,SE,57.43,15.08,50.0,93,93,8.05,overcast clouds
340,Pisco,PE,-13.7,-76.22,64.4,82,90,9.17,overcast clouds
341,Lodwar,KE,3.12,35.6,89.19,39,100,14.32,overcast clouds
342,Uyuni,BO,-20.46,-66.83,62.87,29,83,7.23,broken clouds
343,Wanning,CN,18.8,110.4,72.12,79,0,8.57,clear sky
344,Lancaster,US,40.25,-76.25,66.0,59,1,5.82,clear sky
345,Maua,BR,-23.67,-46.46,77.0,50,0,6.93,clear sky
346,Sabang,ID,5.89,95.32,79.9,77,100,1.66,light rain
347,Beringovskiy,RU,63.05,179.32,27.61,86,27,4.36,scattered clouds
348,Martapura,ID,-3.42,114.85,75.54,94,90,2.08,overcast clouds
349,Tucuman,AR,-26.82,-65.22,84.2,30,0,8.05,clear sky
350,Carutapera,BR,-1.2,-46.02,89.6,55,41,12.64,scattered clouds
351,Port Macquarie,AU,-31.43,152.92,59.0,87,75,6.93,broken clouds
352,Warrnambool,AU,-38.38,142.48,45.59,85,3,7.61,clear sky
353,Ilulissat,GL,69.22,-51.1,12.2,61,40,2.24,scattered clouds
354,Mamlyutka,KZ,54.94,68.54,41.58,79,100,13.98,overcast clouds
355,Vallenar,CL,-28.57,-70.76,78.51,28,5,9.15,clear sky
356,Arlit,NE,18.74,7.39,87.17,12,0,5.5,clear sky
357,Brigantine,US,39.41,-74.36,66.99,59,1,3.36,clear sky
358,Maloy,NO,61.94,5.11,48.2,93,100,1.12,overcast clouds
359,Skjervoy,NO,70.03,20.97,38.16,84,100,40.98,light rain
360,Yaypan,UZ,40.38,70.82,57.97,28,96,3.4,overcast clouds
361,Gewane,ET,10.17,40.65,88.23,31,0,11.77,clear sky
362,Emmett,US,43.87,-116.5,42.01,76,1,2.19,clear sky
363,Seymchan,RU,62.88,152.43,0.09,90,100,7.52,overcast clouds
364,Axim,GH,4.87,-2.24,81.54,79,55,7.47,light rain
365,Otradnoye,RU,59.78,30.82,48.99,69,6,9.82,clear sky
366,Laguna,US,38.42,-121.42,48.99,81,90,3.36,overcast clouds
367,Mount Isa,AU,-20.73,139.5,80.6,10,53,13.87,broken clouds
368,Ancud,CL,-41.87,-73.82,59.0,54,0,12.75,clear sky
369,Hit,IQ,33.64,42.83,70.25,43,4,6.69,clear sky
370,Kumluca,TR,36.37,30.29,68.7,45,0,6.15,clear sky
371,Baykalovo,RU,57.4,63.77,37.51,92,100,4.97,overcast clouds
372,Mayya,RU,61.73,130.28,1.33,77,40,6.71,scattered clouds
373,Itarema,BR,-2.92,-39.92,87.66,56,63,21.14,broken clouds
374,Solnechnyy,RU,50.72,136.63,20.46,90,100,4.83,overcast clouds
375,Magistralnyy,RU,56.17,107.45,13.75,90,100,6.67,overcast clouds
376,Dingle,PH,11.0,122.67,73.4,92,100,6.53,overcast clouds
377,Salgueiro,BR,-8.07,-39.12,95.2,26,7,14.74,clear sky
378,Sorland,NO,67.67,12.69,41.09,69,81,26.62,broken clouds
379,Jaggayyapeta,IN,16.9,80.1,76.23,82,28,1.99,scattered clouds
380,Stranda,NO,62.31,6.94,46.0,91,100,1.99,light rain
381,Palampur,IN,32.12,76.53,55.08,37,0,5.39,clear sky
382,Atagay,RU,55.1,99.39,35.96,93,100,6.11,light rain
383,Abu Samrah,SY,35.3,37.18,64.45,56,3,7.87,clear sky
384,Batagay,RU,67.63,134.63,-25.92,83,83,1.16,broken clouds
385,Domoni,KM,-12.26,44.53,79.25,74,52,3.44,broken clouds
386,Yangshe,CN,31.89,120.61,61.0,42,0,7.52,clear sky
387,Songea,TZ,-10.68,35.65,77.67,36,0,6.13,clear sky
388,Marang,MY,5.21,103.21,80.6,94,40,4.7,moderate rain
389,Cap-Aux-Meules,CA,47.38,-61.86,46.4,65,93,26.4,overcast clouds
390,Teya,RU,60.38,92.63,38.17,90,100,8.01,overcast clouds
391,Scarborough,GB,54.28,-0.4,50.0,89,41,5.59,scattered clouds
392,Beidao,CN,34.57,105.89,48.45,48,82,2.57,broken clouds
393,Shenjiamen,CN,29.96,122.3,64.72,71,50,3.62,scattered clouds
394,Holoby,UA,51.09,25.01,50.0,98,0,11.01,clear sky
395,Rafai,CF,4.95,23.92,74.98,85,77,2.55,light rain
396,Anchorage,US,61.22,-149.9,23.0,85,90,5.82,overcast clouds
397,Lavrentiya,RU,65.58,-171.0,30.06,94,71,13.73,broken clouds
398,Barra Patuca,HN,15.8,-84.28,84.15,72,63,16.49,light rain
399,Goderich,CA,43.75,-81.72,55.4,66,100,12.75,overcast clouds
400,Puerto Cabello,VE,10.47,-68.01,81.09,77,16,5.73,few clouds
401,Najran,SA,17.49,44.13,82.4,18,20,8.05,few clouds
402,Bukama,CD,-9.2,25.85,87.21,47,30,4.29,scattered clouds
403,Alofi,NU,-19.06,-169.92,68.0,94,2,6.93,clear sky
404,Penzance,GB,50.12,-5.54,55.4,93,75,16.11,light rain
405,Aykhal,RU,66.0,111.5,1.4,84,0,4.47,clear sky
406,Rentina,GR,40.66,23.61,55.0,74,49,4.0,scattered clouds
407,Milkovo,RU,54.72,158.62,24.64,90,10,3.36,clear sky
408,Marzuq,YE,14.4,46.47,68.94,49,0,5.03,clear sky
409,Rock Sound,BS,24.9,-76.2,80.58,76,100,26.78,overcast clouds
410,Bridlington,GB,54.08,-0.19,50.0,100,48,2.24,mist
411,Yeppoon,AU,-23.13,150.73,75.2,64,75,10.29,broken clouds
412,Sinegorye,RU,62.08,150.48,0.36,89,100,4.34,light snow
413,Mbeya,TZ,-8.9,33.45,71.46,40,4,7.31,clear sky
414,Areia Branca,BR,-4.96,-37.14,100.4,31,75,9.17,broken clouds
415,Leshukonskoye,RU,64.9,45.76,35.85,88,100,7.2,overcast clouds
416,Praia,CV,14.92,-23.51,87.8,58,20,12.75,few clouds
417,Beaverlodge,CA,55.22,-119.44,15.8,78,90,10.29,light snow
418,Kondagaon,IN,19.6,81.67,61.16,65,0,4.7,clear sky
419,Tomatlan,MX,19.93,-105.25,83.91,62,41,0.76,scattered clouds
420,Vao,NC,-22.67,167.48,73.76,81,1,10.42,clear sky
421,Inhambane,MZ,-23.86,35.38,82.4,83,0,13.87,clear sky
422,Springdale,US,36.19,-94.13,64.99,93,1,5.82,clear sky
423,Zhireken,RU,52.82,117.31,13.33,85,0,2.91,clear sky
424,Gushi,CN,34.64,109.58,55.38,37,0,1.1,clear sky
425,Hirara,JP,24.8,125.28,78.37,89,0,8.46,clear sky
426,Ixtapa,MX,20.7,-105.2,80.01,73,5,6.93,clear sky
427,Dubrovka,RU,53.69,33.51,46.4,81,0,8.95,clear sky
428,Clearlake,US,38.96,-122.63,43.0,81,28,2.01,scattered clouds
429,Otaru,JP,43.19,141.0,46.99,69,60,7.0,broken clouds
430,Mbandaka,CD,0.05,18.26,79.75,76,38,1.54,scattered clouds
431,Yulara,AU,-25.24,130.99,78.8,11,42,17.22,scattered clouds
432,Nazas,MX,25.23,-104.13,68.95,27,0,3.53,clear sky
433,Dhankuta,NP,26.98,87.33,56.53,73,0,5.1,clear sky
434,Chara,RU,56.91,118.26,-3.05,78,58,3.6,broken clouds
435,Grahamstown,ZA,-33.3,26.53,71.28,63,57,10.45,broken clouds
436,Estelle,US,29.85,-90.11,73.0,100,75,13.87,broken clouds
437,Kaeo,NZ,-35.1,173.78,64.0,93,44,8.99,light rain
438,Novyy Urengoy,RU,66.08,76.63,32.38,98,100,4.83,overcast clouds
439,Canguaretama,BR,-6.38,-35.13,87.8,58,20,19.46,few clouds
440,Luderitz,NA,-26.65,15.16,66.65,73,4,9.33,clear sky
441,Bandarbeyla,SO,9.49,50.81,76.86,83,72,13.73,broken clouds
442,Ajdabiya,LY,30.76,20.23,71.11,55,2,16.96,clear sky
443,Minna,NG,9.61,6.56,91.83,24,36,3.76,scattered clouds
444,Tuatapere,NZ,-46.13,167.68,45.0,86,100,5.01,light rain
445,Shimoda,JP,34.67,138.95,64.0,93,99,1.99,light rain
446,Cuauhtemoc,MX,28.42,-106.87,62.69,30,0,4.61,clear sky
447,Buchanan,LR,5.88,-10.05,87.8,70,75,7.49,broken clouds
448,Grand Island,US,40.92,-98.34,62.01,77,1,18.34,clear sky
449,Kiama,AU,-34.68,150.87,55.0,77,42,8.63,scattered clouds
450,Vega De Alatorre,MX,20.03,-96.63,79.2,62,35,11.74,scattered clouds
451,Pandan,PH,14.05,124.17,81.16,85,100,14.97,overcast clouds
452,Hambantota,LK,6.12,81.12,77.0,100,20,4.7,few clouds
453,Tandil,AR,-37.32,-59.13,78.01,50,0,5.01,clear sky
454,Auki,SB,-8.77,160.7,77.74,85,83,4.12,broken clouds
455,Nyurba,RU,63.28,118.33,-4.86,91,59,4.97,broken clouds
456,Lynden,US,48.95,-122.45,41.0,86,75,8.05,shower rain
457,Along,IN,28.17,94.77,59.94,56,0,2.24,clear sky
458,Lecce,IT,40.22,18.17,66.2,52,5,11.41,clear sky
459,Ruidoso,US,33.33,-105.67,59.0,24,1,10.29,clear sky
460,Ko Samui,TH,9.54,99.94,83.23,68,0,3.49,clear sky
461,Egvekinot,RU,66.32,-179.17,22.6,99,100,2.06,light snow
462,Mormugao,IN,15.4,73.8,81.34,81,1,3.78,light rain
463,Honningsvag,NO,70.98,25.97,39.87,72,99,36.19,overcast clouds
464,Port Blair,IN,11.67,92.75,81.68,79,0,6.31,clear sky
465,Floro,NO,61.6,5.03,48.2,93,100,1.12,overcast clouds
466,Shahrud,IR,36.42,54.98,57.94,34,100,1.41,overcast clouds
467,Radnevo,BG,42.3,25.93,55.99,62,75,13.87,broken clouds
468,Morondava,MG,-20.28,44.28,81.3,77,0,15.1,clear sky
469,Mitsamiouli,KM,-11.38,43.28,80.62,72,25,6.69,scattered clouds
470,Peace River,CA,56.25,-117.29,12.2,85,90,5.82,light snow
471,Belaya Gora,RU,68.53,146.42,-3.42,92,100,4.97,light snow
472,Port Shepstone,ZA,-30.74,30.45,72.5,82,26,16.53,scattered clouds
473,Bubaque,GW,11.28,-15.83,87.53,67,0,3.87,clear sky
474,Takoradi,GH,4.88,-1.76,82.35,78,55,9.06,light rain
475,Soe,ID,-9.86,124.28,69.22,70,22,3.04,few clouds
476,Mitu,CO,1.2,-70.17,92.64,52,99,1.19,overcast clouds
477,Airai,TL,-8.93,125.41,62.67,67,73,2.21,broken clouds
478,Nuuk,GL,64.18,-51.72,26.6,58,20,8.05,few clouds
479,Pacific Grove,US,36.62,-121.92,48.99,93,20,3.36,few clouds
480,Sungaipenuh,ID,-2.08,101.38,67.19,93,100,1.86,heavy intensity rain
481,Karratha,AU,-20.74,116.85,75.79,49,0,17.02,clear sky
482,Acurenam,GQ,1.03,10.65,75.22,92,59,3.98,light rain
483,Bereda,ES,43.27,-7.54,57.99,97,62,5.99,broken clouds
484,Torbay,CA,47.67,-52.73,54.0,93,90,28.86,light rain
485,Mandalgovi,MN,45.76,106.27,25.47,76,0,6.89,clear sky
486,Kushima,JP,31.46,131.23,64.0,88,100,11.01,light rain
487,Yarmouth,US,41.71,-70.23,69.8,46,1,5.82,clear sky
488,Tecoanapa,MX,16.52,-98.75,85.46,64,25,2.53,scattered clouds
489,Santa Maria,BR,-29.68,-53.81,80.6,51,0,10.29,clear sky
490,Mango,US,27.98,-82.31,84.99,62,75,16.11,broken clouds
491,Evensk,RU,61.95,159.23,11.97,89,75,9.35,broken clouds
492,Bayir,TR,37.27,28.22,71.6,30,0,10.29,clear sky
493,Vzmorye,RU,54.7,20.24,48.2,93,90,6.71,overcast clouds
494,Bichura,RU,50.59,107.6,22.1,90,30,3.71,scattered clouds
495,Shirochanka,RU,46.65,38.4,53.17,68,7,12.35,clear sky
496,Touros,BR,-5.2,-35.46,87.8,58,40,18.34,scattered clouds
497,Tiznit,MA,29.58,-9.5,70.43,49,0,7.85,clear sky
498,Aksha,RU,50.28,113.29,10.53,90,0,5.61,clear sky
499,Robe,AU,-37.18,139.75,47.39,81,0,15.17,clear sky
500,Mpika,ZM,-11.83,31.45,77.25,19,16,5.39,few clouds
501,Luchegorsk,RU,46.48,134.26,29.7,97,35,3.44,scattered clouds
502,Hasaki,JP,35.73,140.83,61.0,100,75,4.7,light intensity shower rain
503,Chazuta,PE,-6.57,-76.14,86.0,66,40,2.24,scattered clouds
504,Severo-Kurilsk,RU,50.68,156.12,35.11,81,87,5.77,overcast clouds
505,Amahai,ID,-3.33,128.92,81.0,89,12,3.91,few clouds
506,Oga,IT,46.46,10.35,50.0,52,0,14.99,clear sky
507,Benghazi,LY,32.12,20.07,68.65,72,24,23.2,light rain
508,Aklavik,CA,68.22,-135.01,19.4,79,75,6.93,broken clouds
509,Buraydah,SA,26.33,43.98,84.2,26,75,8.05,broken clouds
510,Puqi,CN,29.72,113.88,58.44,54,0,2.1,clear sky
511,Rovaniemi,FI,66.5,25.72,37.4,69,0,9.17,clear sky
512,Singojuruh,ID,-8.32,114.23,72.7,87,1,2.26,clear sky
513,Quibdo,CO,5.69,-76.66,83.25,71,96,1.95,overcast clouds
514,Darnah,LY,32.77,22.64,68.32,72,25,17.63,moderate rain
515,Taganak,PH,6.08,118.3,78.8,94,20,3.36,few clouds
516,Champerico,GT,14.3,-91.92,77.0,94,75,15.05,broken clouds
517,Kamaishi,JP,39.27,141.88,56.77,78,25,6.73,scattered clouds
518,Bahar,IR,34.91,48.44,48.24,72,100,11.63,light rain
519,Sam Roi Yot,TH,12.27,99.87,76.46,88,28,6.17,scattered clouds
520,Tailai,CN,46.38,123.4,30.81,80,22,20.27,few clouds
521,Lorengau,PG,-2.02,147.27,81.14,77,10,8.99,clear sky
522,Gari,RU,59.43,62.35,35.64,95,100,3.94,overcast clouds
523,Caxito,AO,-8.58,13.66,84.2,70,75,12.75,broken clouds
524,Mbala,ZM,-8.84,31.37,71.96,35,0,1.54,clear sky
525,Alausi,EC,-2.2,-78.83,56.84,66,86,3.85,overcast clouds
526,Nelson Bay,AU,-32.72,152.15,62.01,72,75,14.99,broken clouds
527,Pudozh,RU,61.81,36.53,45.84,85,100,13.4,overcast clouds
528,Ta Khmau,KH,11.48,104.95,80.6,83,40,6.93,heavy intensity rain
529,Batetskiy,RU,58.65,30.3,45.93,90,23,8.97,few clouds
530,Takaka,NZ,-40.85,172.8,61.0,92,100,1.01,overcast clouds
531,La Rioja,ES,42.25,-2.5,59.0,93,75,4.7,broken clouds
532,Cefalu,IT,38.04,14.02,64.0,80,2,5.1,clear sky
533,Wamba,NG,8.93,8.6,87.03,39,92,3.44,overcast clouds
534,Gigmoto,PH,13.78,124.39,81.21,83,100,14.27,overcast clouds
535,Mount Darwin,ZW,-16.77,31.58,90.57,19,0,5.84,clear sky
536,Huarmey,PE,-10.07,-78.15,67.69,65,13,10.87,few clouds
537,Vanimo,PG,-2.67,141.3,76.42,91,100,3.96,overcast clouds
538,Rawson,AR,-43.3,-65.1,71.82,30,24,21.65,few clouds
539,Kahului,US,20.89,-156.47,72.0,78,90,3.36,overcast clouds
540,Biak,ID,-0.91,122.88,77.54,69,97,6.31,overcast clouds
541,Samagaltay,RU,50.6,95.0,25.63,89,23,1.81,few clouds
542,Ziro,IN,27.63,93.83,44.35,81,0,2.95,clear sky
543,Juneau,US,58.3,-134.42,25.0,85,1,3.36,clear sky
544,Jacareacanga,BR,-6.22,-57.75,92.93,46,100,5.84,overcast clouds
545,Caetite,BR,-14.07,-42.48,77.52,67,100,9.57,moderate rain
546,Muhos,FI,64.81,25.99,44.6,63,0,20.8,clear sky
547,Afyonkarahisar,TR,38.75,30.67,46.83,60,7,9.24,clear sky
548,Sioux Lookout,CA,50.1,-91.92,28.4,92,90,5.82,overcast clouds
549,Marquette,US,46.53,-87.63,64.0,68,100,5.99,overcast clouds
550,Rong Kwang,TH,18.34,100.32,72.09,89,7,1.86,clear sky
551,Palembang,ID,-2.92,104.75,76.05,92,100,2.08,overcast clouds
552,Cabedelo,BR,-6.98,-34.83,87.8,62,75,16.11,broken clouds
553,Kletskaya,RU,49.31,43.06,42.01,88,100,5.01,overcast clouds
554,Puerto Escondido,MX,15.85,-97.07,84.58,55,41,3.02,scattered clouds
555,Tessalit,ML,20.2,1.01,89.55,12,92,14.29,overcast clouds
556,Dalvik,IS,65.97,-18.53,42.8,56,75,17.22,broken clouds
557,Vila Franca Do Campo,PT,37.72,-25.43,64.4,59,20,18.34,few clouds
558,Poshekhonye,RU,58.5,39.14,39.99,80,35,9.46,scattered clouds
559,Coihaique,CL,-45.58,-72.07,60.8,44,0,4.7,clear sky
560,Mocuba,MZ,-16.84,36.99,91.24,25,100,5.82,overcast clouds
561,Casablanca,MA,33.59,-7.62,71.6,53,40,11.41,scattered clouds
562,Libreville,GA,0.39,9.45,84.2,79,20,10.29,few clouds
563,Jieshi,CN,22.81,115.83,72.99,79,45,13.2,scattered clouds
564,Lac Du Bonnet,CA,50.25,-96.06,32.0,79,96,10.29,overcast clouds
565,Paamiut,GL,61.99,-49.67,29.46,91,100,12.19,overcast clouds
566,Green River,US,41.53,-109.47,50.0,53,40,19.46,scattered clouds
567,Huejucar,MX,22.35,-103.22,65.12,30,7,2.57,clear sky
568,Ratnagiri,IN,16.98,73.3,80.17,76,22,6.08,few clouds
569,Okhotsk,RU,59.38,143.3,11.05,89,88,14.09,overcast clouds
570,Channel-Port Aux Basques,CA,47.57,-59.14,44.2,78,85,28.57,overcast clouds
571,Briancon,FR,44.9,6.65,57.0,65,100,1.01,overcast clouds
572,Acapulco,MX,16.86,-99.89,80.6,78,5,5.82,clear sky
573,Thunder Bay,CA,48.4,-89.32,43.0,93,90,5.14,overcast clouds
574,Palmira,CO,3.54,-76.3,82.0,65,75,4.7,haze
575,Sarai Naurang,PK,32.83,70.78,67.1,24,0,3.22,clear sky
576,Arman,RU,59.7,150.17,10.38,86,99,13.94,overcast clouds
577,Nangomba,TZ,-10.9,38.5,89.55,32,3,9.24,clear sky
578,Veraval,IN,20.9,70.37,80.47,48,0,5.77,clear sky
579,Quesnel,CA,53.0,-122.5,30.2,63,75,13.87,broken clouds
580,Sharjah,AE,25.36,55.4,84.2,51,0,6.93,clear sky
581,Valparaiso,CL,-33.04,-71.63,59.0,82,75,5.82,fog
582,Kavaratti,IN,10.57,72.64,83.75,71,2,5.53,clear sky
583,La Reforma,MX,25.08,-108.05,81.0,79,3,10.0,clear sky
584,Soyo,AO,-6.13,12.37,82.4,78,40,11.41,scattered clouds
585,Dovers,VC,12.88,-61.18,82.96,78,34,15.86,scattered clouds
586,Olafsvik,IS,64.89,-23.71,41.58,74,100,29.06,overcast clouds
587,San Policarpo,PH,12.18,125.51,75.65,89,92,4.76,overcast clouds
588,North Bend,US,43.41,-124.22,45.0,93,90,5.44,overcast clouds
589,Dukat,RU,62.55,155.55,-4.07,91,100,3.67,overcast clouds
590,Manokwari,ID,-0.87,134.08,80.38,77,100,2.71,overcast clouds
591,Roebourne,AU,-20.78,117.13,77.72,44,0,16.93,clear sky
592,Plettenberg Bay,ZA,-34.05,23.37,66.47,63,18,2.84,few clouds
593,San Rafael,AR,-34.62,-68.33,78.58,36,0,9.19,clear sky
594,Bonavista,CA,48.65,-53.11,52.0,93,96,11.41,light rain
595,Shangqiu,CN,34.45,115.65,54.52,36,0,3.31,clear sky
596,Barreirinha,BR,-2.79,-57.07,95.34,44,61,5.66,broken clouds
597,Kirakira,SB,-10.45,161.92,78.69,80,52,4.76,broken clouds
598,Ashtian,IR,34.52,50.0,50.32,48,97,10.58,overcast clouds
599,Muswellbrook,AU,-32.27,150.9,59.0,73,93,3.0,overcast clouds
600,Lyudinovo,RU,53.87,34.45,43.74,91,1,5.97,clear sky
601,Mountain Home,US,43.13,-115.69,39.2,100,90,4.7,overcast clouds
602,Djibo,BF,14.1,-1.63,95.61,10,0,12.39,clear sky
603,Mapimi,MX,25.82,-103.85,59.0,38,5,4.7,clear sky
604,Los Angeles,US,34.05,-118.24,55.0,81,75,4.7,broken clouds
605,Ariquemes,BR,-9.91,-63.04,99.1,33,16,5.39,few clouds
606,Te Anau,NZ,-45.42,167.72,38.86,90,100,4.41,overcast clouds
607,Port Keats,AU,-14.25,129.55,84.94,54,43,7.7,scattered clouds
608,Mananara,MG,-16.17,49.77,73.45,84,70,4.38,broken clouds
609,Levelland,US,33.59,-102.38,63.0,82,1,16.11,clear sky
610,Mayo,US,38.89,-76.51,68.0,82,1,1.03,clear sky
611,Los Llanos De Aridane,ES,28.66,-17.92,73.4,56,40,3.36,scattered clouds
612,Livingston,GB,55.9,-3.52,44.6,93,75,8.05,broken clouds
613,Waipawa,NZ,-41.41,175.52,59.0,93,100,6.93,moderate rain
614,Truth Or Consequences,US,33.13,-107.25,64.0,29,1,3.36,clear sky
615,Mahibadhoo,MV,3.78,72.97,84.29,73,99,8.1,moderate rain
616,Helong,CN,42.54,129.0,34.03,88,9,9.82,light rain
617,Bintulu,MY,3.17,113.03,78.8,94,20,2.24,few clouds
618,Quelimane,MZ,-17.88,36.89,89.6,52,0,20.8,clear sky
619,Ola,RU,59.58,151.28,12.02,87,100,14.72,overcast clouds
620,Acarau,BR,-2.89,-40.12,88.0,55,71,22.19,broken clouds
621,Catamarca,AR,-28.47,-65.79,89.01,27,2,11.01,clear sky
622,Barreiras,BR,-12.15,-44.99,86.05,56,60,7.31,light rain
623,Cambridge,CA,43.36,-80.31,63.0,67,1,9.17,clear sky
624,Sterling,US,39.01,-77.43,69.01,55,20,3.36,few clouds
625,Tokmak,UA,47.25,35.71,51.31,73,0,10.47,clear sky
626,Sao Raimundo Das Mangabeiras,BR,-7.02,-45.48,91.74,46,35,7.49,scattered clouds
627,Moosomin,CA,50.13,-101.67,30.36,89,100,10.42,overcast clouds
628,Aktau,KZ,43.65,51.2,50.0,61,75,20.13,broken clouds
629,Nkhata Bay,MW,-11.61,34.29,82.65,48,0,2.77,clear sky
630,Norman Wells,CA,65.28,-126.83,17.6,92,90,2.24,light snow
631,Tautira,PF,-17.73,-149.15,75.2,78,20,2.24,few clouds
632,Multai,IN,21.77,78.25,63.72,39,0,5.1,clear sky
633,Ust-Kuyga,RU,70.02,135.6,-24.16,85,98,4.47,overcast clouds
634,Yatou,CN,37.15,122.38,51.17,56,0,10.8,clear sky
635,Teguise,ES,29.06,-13.56,71.6,73,20,8.05,few clouds
636,Mnogovershinnyy,RU,53.94,139.92,16.11,96,69,3.53,light snow
637,Kapuskasing,CA,49.42,-82.43,33.8,95,100,6.93,overcast clouds
638,Talnakh,RU,69.49,88.4,15.8,78,75,8.95,light snow
639,Bestobe,KZ,52.5,73.1,46.62,50,100,17.58,overcast clouds
640,Nanga Eboko,CM,4.68,12.37,80.37,67,68,1.92,broken clouds
641,Bethanien,NA,-26.5,17.16,83.48,16,0,21.92,clear sky
642,Erdenet,MN,49.03,104.08,24.33,84,0,3.38,clear sky
643,Brae,GB,60.4,-1.35,48.2,87,40,3.36,shower rain
644,Mudgee,AU,-32.59,149.59,55.4,71,90,8.05,overcast clouds
645,Maragogi,BR,-9.01,-35.22,82.63,74,32,15.5,scattered clouds
646,Mogadishu,SO,2.04,45.34,80.92,78,30,9.22,scattered clouds
647,Berdigestyakh,RU,62.1,126.7,-4.32,90,100,5.35,overcast clouds
648,Tromso,NO,69.65,18.96,35.6,80,75,18.34,broken clouds
649,Namibe,AO,-15.2,12.15,78.8,61,20,13.87,few clouds
650,Pangkalanbuun,ID,-2.68,111.62,75.42,94,50,1.1,scattered clouds
651,Oneonta,US,42.45,-75.06,62.01,62,4,1.01,clear sky
652,Tibati,CM,6.47,12.63,80.96,45,96,5.68,overcast clouds
653,Smithers,CA,54.78,-127.17,24.8,79,5,5.39,clear sky
654,Jacqueville,CI,5.21,-4.41,84.2,83,40,11.41,scattered clouds
655,Klaksvik,FO,62.23,-6.59,41.0,86,100,2.24,overcast clouds
656,Poso,ID,-1.4,120.75,77.52,81,100,4.56,moderate rain
657,Sao Felix Do Xingu,BR,-6.64,-51.99,88.79,53,59,4.63,broken clouds
658,Tongren,CN,27.72,109.19,58.64,61,0,2.37,light rain
659,Manggar,ID,-2.88,108.27,80.8,81,100,3.91,overcast clouds
660,Conde,BR,-7.26,-34.91,87.8,62,75,16.11,broken clouds
661,Kanniyakumari,IN,8.08,77.57,83.03,76,0,14.03,clear sky
662,Kenai,US,60.55,-151.26,25.0,79,90,10.29,overcast clouds
663,Nouadhibou,MR,20.93,-17.03,78.8,57,13,13.87,few clouds
664,Umm Lajj,SA,25.02,37.27,76.78,59,0,9.62,clear sky
665,Veere,NL,51.55,3.67,55.4,82,0,9.17,clear sky
666,Te Kauwhata,NZ,-37.4,175.15,64.0,55,29,11.01,scattered clouds
667,Magnolia,US,33.27,-93.24,66.99,72,40,5.82,scattered clouds
668,Lupiro,TZ,-8.38,36.67,85.82,43,55,7.83,broken clouds
669,Christchurch,NZ,-43.53,172.63,53.01,100,100,19.46,light rain
670,Hearst,CA,49.68,-83.67,32.0,95,100,4.7,overcast clouds
671,Nabire,ID,-3.37,135.48,77.07,89,89,3.71,light rain
672,Yerbogachen,RU,61.28,108.01,1.92,92,100,4.94,overcast clouds
673,Burgersdorp,ZA,-31.0,26.33,77.49,24,0,23.17,clear sky
674,Berlevag,NO,70.86,29.09,40.48,75,92,31.94,light rain
675,Port Lincoln,AU,-34.73,135.87,57.49,79,0,16.15,clear sky
676,Keningau,MY,5.34,116.16,78.8,94,20,5.82,few clouds
677,Kutoarjo,ID,-7.72,109.91,68.0,84,28,2.71,light rain
678,Bardstown,US,37.81,-85.47,64.0,55,1,2.3,clear sky
679,Ilo,PE,-17.64,-71.34,68.0,68,90,4.7,overcast clouds
